Country,Year,CO2 emission (Tons),Population(2022),Area(Square kilometre),proportion of global land area,Density(Square kilometre),Access to electricity (% of population),Access to clean fuels for cooking,Electricity from fossil fuels (TWh),Electricity from renewables (TWh),Low-carbon electricity (% electricity),Primary energy consumption per capita (kWh/person),Renewables (% equivalent primary energy),gdp_growth,gdp_per_capita,Latitude,Longitude,Exchange_Rate,CO2_per_capita,Energy_per_CO2,Renewable_ratio
Argentina,2000,4979454768.0,45510318.0,2780400.0,0.018,16,95.78329,95.0,50.37,28.89,40.914955,18849.81,12.283858,-0.788998939,7708.099115,-38.416097,-63.616672,0.9995,109.41375465669124,172.28007629520857,0.3644965934897805
Argentina,2001,5113458712.0,45510318.0,2780400.0,0.018,16,95.51106,95.6,42.91,37.04,50.38733,18210.12,15.937488,-4.408839683,7208.373114,-38.416097,-63.616672,0.9995,112.35822856698124,162.0719748989654,0.4632895559724828
Argentina,2002,5237851060.0,45510318.0,2780400.0,0.018,16,96.22887,96.1,39.7,36.06,51.07825,17275.256,16.249306,-10.89448483,2593.404563,-38.416097,-63.616672,3.063257,115.0915065018882,150.10018136930532,0.4759767687434002
Argentina,2003,5372482068.0,45510318.0,2780400.0,0.018,16,96.442635,96.45,46.73,34.38,46.982075,18326.521,14.408259,8.837040796,3349.8063,-38.416097,-63.616672,2.900629,118.04975891401156,155.24403580823233,0.4238688201208236
Argentina,2004,5529525459.0,45510318.0,2780400.0,0.018,16,96.6535,97.2,57.35,31.03,40.066883,19261.457,12.1855755,9.029573301,4277.721573,-38.416097,-63.616672,2.923301,121.50047949566074,158.5298846552116,0.3510975333785924
Argentina,2005,5690959659.0,45510318.0,2780400.0,0.018,16,96.863846,97.5,59.89,34.6,40.620663,20232.844,12.788524,8.85165992,5109.852245,-38.416097,-63.616672,2.903658,125.0476794954498,161.80103526620204,0.3661763149539633
Argentina,2006,5865568651.0,45510318.0,2780400.0,0.018,16,97.07606,98.1,65.58,38.67,41.131058,21038.723,13.449462,8.0471515,5919.012338,-38.416097,-63.616672,3.054313,128.88436971589607,163.23719506388812,0.3709352517985612
Argentina,2007,6039814411.0,45510318.0,2780400.0,0.018,16,97.29279,98.3,72.95,31.18,34.19035,21708.37,10.599154,9.007650875,7245.446857,-38.416097,-63.616672,3.095649,132.71307862537898,163.57370520563498,0.2994334005569961
Argentina,2008,6227920411.0,45510318.0,2780400.0,0.018,16,97.516754,98.6,76.62,31.28,33.22876,21780.38,10.437064,4.057233103,9020.873323,-38.416097,-63.616672,3.144165,136.8463391312713,159.1593910240225,0.2898980537534754
Argentina,2009,6406869611.0,45510318.0,2780400.0,0.018,16,97.750656,98.9,74.01,34.7,36.362854,20954.271,11.783506,-5.918525076,8225.137583,-38.416097,-63.616672,3.710107,140.77839691210244,148.84578500409535,0.3191978658817036
Argentina,2010,6593602747.0,45510318.0,2780400.0,0.018,16,98.82,99.1,78.54,34.41,34.353058,21507.703,11.661375,10.12539816,10385.96443,-38.416097,-63.616672,3.896295,144.88149142354928,148.4503147273931,0.3046480743691899
Argentina,2011,6783876521.0,45510318.0,2780400.0,0.018,16,99.09535,99.3,84.43,32.43,31.217922,21894.867,10.929448,6.003951693,12848.8642,-38.416097,-63.616672,4.11014,149.06238451245275,146.8839175732553,0.2775115522847852
Argentina,2012,6975591369.0,45510318.0,2780400.0,0.018,16,99.22998,99.5,91.86,30.93,28.619164,22494.715,10.216426,-1.026420454,13082.66433,-38.416097,-63.616672,4.536934,153.27494237680344,146.76055101492142,0.2518934766674811
Argentina,2013,7165724742.0,45510318.0,2780400.0,0.018,16,99.342674,99.6,91.55,35.03,30.806438,23152.588,10.950079,2.405323781,13080.25473,-38.416097,-63.616672,5.459353,157.45275042903458,147.0446717311241,0.2767419813556644
Argentina,2014,7354381844.0,45510318.0,2780400.0,0.018,16,100.0,99.7,92.18,34.37,30.066004,22881.006,11.038978,-2.512615321,12334.79825,-38.416097,-63.616672,8.075276,161.5981203207589,141.59203061634068,0.2715922560252864
Argentina,2015,7546787804.0,45510318.0,2780400.0,0.018,16,99.62539,99.7,97.18,33.97,29.472387,23046.873,10.907397,2.731159828,13789.06042,-38.416097,-63.616672,9.233186,165.82586401615563,138.9823785133702,0.2590163934426229
Argentina,2016,7737764998.0,45510318.0,2780400.0,0.018,16,99.84958,99.8,100.8,31.02,27.81438,22726.455,10.167007,-2.080327844,12790.24247,-38.416097,-63.616672,14.758175,170.02221338027127,133.66756347989698,0.2353208921256258
Argentina,2017,7925569727.0,45510318.0,2780400.0,0.018,16,100.0,99.8,99.4,33.4,28.267298,22503.818,10.964719,2.818502978,14613.04182,-38.416097,-63.616672,16.562707,174.14885404668013,129.22174035074565,0.2515060240963855
Argentina,2018,8106669354.0,45510318.0,2780400.0,0.018,16,99.98958,99.8,98.31,34.97,29.673082,22163.16,11.39763,-2.617396463,11795.15939,-38.416097,-63.616672,28.094992,178.128163244212,124.42254832894965,0.2623799519807923
Argentina,2019,8274234941.0,45510318.0,2780400.0,0.018,16,100.0,99.9,90.56,34.63,31.991589,20725.168,11.926772,-2.025934237,10056.63794,-38.416097,-63.616672,48.147892,181.81008845071133,113.9934982519883,0.2766195383017813
Argentina,2020,8431213004.0,45510318.0,2780400.0,0.018,16,100.0,99.9,91.58,37.05,33.967842,19314.066,12.179417,-9.895268964,8579.017773,-38.416097,-63.616672,70.539167,185.2593735776577,104.25419036572453,0.2880354505169867
Australia,2000,10689033670.0,26177413.0,7692024.0,0.052,3,100.0,100.0,181.05,17.11,8.634437,68632.96,3.9888778,3.912427733,21697.70848,-25.274398,133.775136,1.724827,408.330405682181,168.08192347404966,0.0863443681873233
Australia,2001,11049488324.0,26177413.0,7692024.0,0.052,3,100.0,100.0,194.33,17.4,8.218014,68338.28,3.870762,2.038300732,19527.32358,-25.274398,133.775136,1.933443,422.10008773594245,161.90065338899217,0.0821801350776932
Australia,2002,11416601222.0,26177413.0,7692024.0,0.052,3,100.0,100.0,197.29,17.35,8.0833025,68892.78,3.9314504,4.014526654,20117.78889,-25.274398,133.775136,1.840563,436.1241205156522,157.9659935307969,0.0808330227357435
Australia,2003,11789834269.0,26177413.0,7692024.0,0.052,3,100.0,100.0,195.13,18.5,8.659832,69082.79,4.014969,3.110325109,23492.40517,-25.274398,133.775136,1.541914,450.38194832315935,153.38712010373806,0.0865983242054018
Australia,2004,12176600542.0,26177413.0,7692024.0,0.052,3,100.0,100.0,203.66,19.41,8.701304,70486.32,4.0365605,4.205446887,30513.94174,-25.274398,133.775136,1.359752,465.1567571631314,151.5324004532956,0.0870130452324382
Australia,2005,12564202134.0,26177413.0,7692024.0,0.052,3,100.0,100.0,195.95,19.75,9.156236,69917.164,4.3135533,3.160338325,34080.9999,-25.274398,133.775136,1.309473,479.96347591719626,145.67184277176577,0.0915623551228558
Australia,2006,12961496845.0,26177413.0,7692024.0,0.052,3,100.0,100.0,198.72,21.19,9.63576,71863.76,4.233413,2.726893446,36117.48798,-25.274398,133.775136,1.327973,495.14048026823735,145.13812314652304,0.0963576008367059
Australia,2007,13363422384.0,26177413.0,7692024.0,0.052,3,100.0,100.0,208.59,20.93,9.119031,72304.695,3.9767227,3.768487516,41001.14298,-25.274398,133.775136,1.195073,510.494386286376,141.63661137585692,0.0911903102126176
Australia,2008,13773075431.0,26177413.0,7692024.0,0.052,3,100.0,100.0,211.06,18.49,8.05489,72089.34,3.6813264,3.577014878,49654.9106,-25.274398,133.775136,1.192178,526.1434898475262,137.01460037240247,0.0805489000217817
Australia,2009,14174396760.0,26177413.0,7692024.0,0.052,3,100.0,100.0,216.42,18.32,7.804379,69689.84,3.9202662,1.86683207,42783.32257,-25.274398,133.775136,1.282189,541.47431451687,128.70387039906169,0.0780437931328278
Australia,2010,14578929980.0,26177413.0,7692024.0,0.052,3,100.0,100.0,212.5,21.13,9.044215,68523.875,4.3128047,2.172337091,52087.97229,-25.274398,133.775136,1.090159,556.9278362227773,123.03905558886392,0.0904421521208748
Australia,2011,14984273863.0,26177413.0,7692024.0,0.052,3,100.0,100.0,213.56,27.33,11.3454275,69714.19,5.698981,2.469746294,62574.1457,-25.274398,133.775136,0.969463,572.4123259620803,121.790162157721,0.1134542737348997
Australia,2012,15386939707.0,26177413.0,7692024.0,0.052,3,100.0,100.0,206.75,26.63,11.410575,67583.03,5.700209,3.917362463,68027.84171,-25.274398,133.775136,0.965801,587.7945122766715,114.97730684526884,0.1141057502785157
Australia,2013,15780110326.0,26177413.0,7692024.0,0.052,3,100.0,100.0,195.78,34.2,14.870858,67307.04,6.525869,2.600211881,68156.62792,-25.274398,133.775136,1.035843,602.8139727176249,111.6547443261215,0.1487085833550743
Australia,2014,16179364072.0,26177413.0,7692024.0,0.052,3,100.0,100.0,205.46,36.15,14.96213,66744.195,5.979823,2.562931521,62511.69059,-25.274398,133.775136,1.109363,618.0658139136973,107.98881526445294,0.1496212905094987
Australia,2015,16582643483.0,26177413.0,7692024.0,0.052,3,100.0,100.0,197.72,33.12,14.3476,67234.93,6.290021,2.172204753,56707.02208,-25.274398,133.775136,1.33109,633.4714390226413,106.13727132470908,0.1434760006931207
Australia,2016,16998588655.0,26177413.0,7692024.0,0.052,3,100.0,100.0,207.66,38.41,15.609379,66407.09,7.1891756,2.741643069,49881.76371,-25.274398,133.775136,1.345214,649.3609072447304,102.26530309896307,0.156093794448734
Australia,2017,17413339852.0,26177413.0,7692024.0,0.052,3,100.0,100.0,209.14,40.77,16.313873,65146.316,6.750127,2.295926947,53934.25018,-25.274398,133.775136,1.304758,665.204764580824,97.93422938131192,0.1631387299427794
Australia,2018,17829341009.0,26177413.0,7692024.0,0.052,3,100.0,100.0,207.45,42.93,17.145937,65072.668,8.300061,2.87097248,57180.7794,-25.274398,133.775136,1.338412,681.0963714787248,95.54105810125088,0.1714593817397555
Australia,2019,18243857842.0,26177413.0,7692024.0,0.052,3,100.0,100.0,196.45,53.41,21.37597,66263.54,8.880722,2.113149425,54875.28596,-25.274398,133.775136,1.438507,696.9312759056825,95.0790160965134,0.2137597054350436
Australia,2020,18635749770.0,26177413.0,7692024.0,0.052,3,100.0,100.0,186.92,63.99,25.503168,61826.21,10.789811,-0.003836559,51692.84275,-25.274398,133.775136,1.453085,711.9018892355788,86.84653171294057,0.2550316846678092
Brazil,2000,7461070782.0,215313498.0,8515767.0,0.0559999999999999,25,94.391716,89.0,28.87,308.77,91.57278,13400.32,43.288433,4.387949444,3749.910848,-14.235004,-51.92528,1.829423,34.65212748529124,386.70987822286014,0.9144947281127828
Brazil,2001,7807236782.0,215313498.0,8515767.0,0.0559999999999999,25,96.016525,89.7,35.19,273.71,89.111,12893.828,39.11162,1.389896404,3160.249345,-14.235004,-51.92528,2.349632,36.25985762397488,355.5951083347511,0.8860796374231142
Brazil,2002,8155001782.0,215313498.0,8515767.0,0.0559999999999999,25,96.65299,90.1,33.5,292.95,90.15546,13021.791,40.756653,3.053461857,2839.491501,-14.235004,-51.92528,2.920363,37.875014143330674,343.8095349805428,0.8973809159136161
Brazil,2003,8499646782.0,215313498.0,8515767.0,0.0559999999999999,25,96.980095,90.6,31.62,313.88,91.18975,13111.923,42.284126,1.140828999,3070.436419,-14.235004,-51.92528,3.077475,39.475680163813976,332.151921020458,0.908480463096961
Brazil,2004,8861080782.0,215313498.0,8515767.0,0.0559999999999999,25,96.76511,91.1,40.14,329.43,89.46926,13593.7,42.286156,5.759964637,3637.31389,-14.235004,-51.92528,2.925119,41.15432085915951,330.3103955115935,0.8913872879292151
Brazil,2005,9225451782.0,215313498.0,8515767.0,0.0559999999999999,25,97.09351,91.6,39.56,346.96,90.00303,13792.465,43.1457,3.202132062,4790.456566,-14.235004,-51.92528,2.43439,42.84660212988598,321.903355561061,0.8976508330746145
Brazil,2006,9594322782.0,215313498.0,8515767.0,0.0559999999999999,25,97.594315,92.1,39.4,359.55,90.43527,14020.683,43.045963,3.961988709,5886.391522,-14.235004,-51.92528,2.175327,44.5597831586016,314.64881572911145,0.9012407569870912
Brazil,2007,9984895782.0,215313498.0,8515767.0,0.0559999999999999,25,98.12538,92.6,37.64,387.88,91.390076,14770.351,44.380226,6.069870607,7348.187963,-14.235004,-51.92528,1.947058,46.37375675351296,318.50667347283866,0.9115435232186502
Brazil,2008,10397533782.0,215313498.0,8515767.0,0.0559999999999999,25,98.52663,93.1,55.87,385.61,87.71251,15255.087,43.366776,5.094195448,8831.183643,-14.235004,-51.92528,1.833767,48.29020882843118,315.9043493516322,0.8734484008335598
Brazil,2009,10787308782.0,215313498.0,8515767.0,0.0559999999999999,25,98.85694,93.6,36.32,410.13,92.08145,15004.24,46.30883,-0.125812003,8597.794335,-14.235004,-51.92528,1.999428,50.100476199592464,299.4829817629967,0.918647104938963
Brazil,2010,11227577782.0,215313498.0,8515767.0,0.0559999999999999,25,98.6,94.0,61.02,435.99,88.053566,16220.931,44.246536,7.528225818,11286.07154,-14.235004,-51.92528,1.759227,52.14525743295481,311.07202837872427,0.8772258103458683
Brazil,2011,11690157782.0,215313498.0,8515767.0,0.0559999999999999,25,99.32869,94.3,50.27,462.32,90.468155,16629.84,43.91006,3.974423079,13245.38737,-14.235004,-51.92528,1.672829,54.293659666427416,306.2943279596806,0.9019294172730642
Brazil,2012,12188466782.0,215313498.0,8515767.0,0.0559999999999999,25,99.51949,94.7,77.21,454.78,85.88896,16963.494,42.06637,1.921175985,12370.22325,-14.235004,-51.92528,1.953069,56.60800133394331,299.6660118757513,0.8548656929641534
Brazil,2013,12720884782.0,215313498.0,8515767.0,0.0559999999999999,25,99.57515,95.0,112.0,436.84,80.12387,17221.44,39.836597,3.00482267,12300.38671,-14.235004,-51.92528,2.156089,59.08075852262639,291.4898256325642,0.7959332410174186
Brazil,2014,13278785782.0,215313498.0,8515767.0,0.0559999999999999,25,99.650246,95.2,136.58,430.82,76.527,17519.043,38.852745,0.50395574,12112.83496,-14.235004,-51.92528,2.352952,61.67186871860677,284.0686258419538,0.7592879802608389
Brazil,2015,13808138782.0,215313498.0,8515767.0,0.0559999999999999,25,99.7109,95.4,128.85,428.81,77.456825,17140.15,40.603523,-3.545763393,8813.989806,-14.235004,-51.92528,3.326904,64.13039084990389,267.27031868737924,0.7689452354481225
Brazil,2016,14300886782.0,215313498.0,8515767.0,0.0559999999999999,25,99.7,95.7,93.06,463.37,83.713684,16591.764,43.5387,-3.275916906,8710.06329,-14.235004,-51.92528,3.491313,66.41890506093584,249.80484072686733,0.8327552432471289
Brazil,2017,14801644497.0,215313498.0,8515767.0,0.0559999999999999,25,99.8,95.7,101.9,464.4,82.4661,16608.686,43.280678,1.322869054,9928.675897,-14.235004,-51.92528,3.191389,68.74461951753717,241.5997952503472,0.8200600388486669
Brazil,2018,15285329785.0,215313498.0,8515767.0,0.0559999999999999,25,99.7,95.8,86.69,492.66,85.409164,16539.11,46.080498,1.783666761,9151.381732,-14.235004,-51.92528,3.653825,70.99104295356346,232.9746023145277,0.8503667903685165
Brazil,2019,15771122931.0,215313498.0,8515767.0,0.0559999999999999,25,99.8,95.8,90.91,512.59,85.30534,16681.945,47.304844,1.411152985,8897.552966,-14.235004,-51.92528,3.944471,73.24725610560654,227.7483947787516,0.8493620546810274
Brazil,2020,16238506431.0,215313498.0,8515767.0,0.0559999999999999,25,100.0,95.9,81.15,520.01,86.79134,15921.327,49.47188,-4.059048273,6796.844542,-14.235004,-51.92528,5.155179,75.4179676696349,211.1078764379156,0.8650109787743696
Canada,2000,22180153682.0,38454327.0,9984670.0,0.061,4,100.0,100.0,155.56,363.7,73.5631,118875.336,29.767817,4.917762744,24271.00206,56.130366,-106.346771,1.485394,576.792143105248,206.09735659715577,0.7004198282170782
Canada,2001,22739195847.0,38454327.0,9984670.0,0.061,4,100.0,100.0,159.93,339.58,72.05828,115218.68,28.20141,1.405527589,23822.06012,56.130366,-106.346771,1.54884,591.3299652078165,194.84667914555564,0.679826229705111
Canada,2002,23303865021.0,38454327.0,9984670.0,0.061,4,100.0,100.0,155.12,357.06,73.43517,117915.38,28.546556,3.422146171,24255.33858,56.130366,-106.346771,1.570343,606.0141169809057,194.57530228411375,0.6971377250185481
Canada,2003,23886208607.0,38454327.0,9984670.0,0.061,4,100.0,100.0,157.35,343.88,72.50952,117365.12,27.180014,3.811090153,28300.4631,56.130366,-106.346771,1.401015,621.1578896439925,188.94571244561683,0.6860722622349021
Canada,2004,24466967376.0,38454327.0,9984670.0,0.061,4,100.0,100.0,148.86,347.68,74.44069,118078.05,26.827923,3.914028782,32143.68141,56.130366,-106.346771,1.301282,636.2604493377299,185.5813136317132,0.7002054215168969
Canada,2005,25042819787.0,38454327.0,9984670.0,0.061,4,100.0,100.0,150.78,368.86,75.1381,117744.77,28.265476,4.995860869,36382.50792,56.130366,-106.346771,1.211405,651.2354198007419,180.80215912707317,0.7098375798629821
Canada,2006,25614229550.0,38454327.0,9984670.0,0.061,4,100.0,100.0,139.71,360.48,76.42542,115946.31,27.616468,4.165817627,40504.06073,56.130366,-106.346771,1.134345,666.0948597540141,174.0687655851577,0.7206861392670785
Canada,2007,26208894916.0,38454327.0,9984670.0,0.061,4,100.0,100.0,149.36,375.42,75.63339,119158.6,27.694315,6.868608857,44659.89514,56.130366,-106.346771,1.074046,681.5590587764025,174.83239121481927,0.7153854948740426
Canada,2008,26788262055.0,38454327.0,9984670.0,0.061,4,100.0,100.0,141.33,385.21,77.01353,116479.15,28.590092,1.007622695,46710.50558,56.130366,-106.346771,1.067087,696.6254293047438,167.2048494070195,0.7315873437915448
Canada,2009,27334872496.0,38454327.0,9984670.0,0.061,4,100.0,100.0,129.76,380.24,78.19636,110665.805,29.20945,-2.928400167,40876.31015,56.130366,-106.346771,1.141535,710.8399659679391,155.68314993278156,0.7455686274509804
Canada,2010,27893676503.0,38454327.0,9984670.0,0.061,4,100.0,100.0,130.08,366.21,77.64257,110485.93,27.789688,3.08949462,47562.08343,56.130366,-106.346771,1.030113,725.3715948012821,152.31631730805225,0.7378951822523122
Canada,2011,28463546701.0,38454327.0,9984670.0,0.061,4,100.0,100.0,131.3,391.95,78.52962,113449.32,28.62637,3.146881372,52223.69611,56.130366,-106.346771,0.989258,740.1909985578476,153.27033187520408,0.7490683229813664
Canada,2012,29032809432.0,38454327.0,9984670.0,0.061,4,100.0,100.0,124.2,398.58,79.71483,112586.7,28.976913,1.762222549,52669.08996,56.130366,-106.346771,0.999365,754.9946052104877,149.12252249618595,0.7624239641914381
Canada,2013,29606508169.0,38454327.0,9984670.0,0.061,4,100.0,100.0,122.87,417.28,80.73323,114051.086,28.941828,2.329122506,52635.17496,56.130366,-106.346771,1.030137,769.9135696484819,148.13492123807103,0.7725261501434787
Canada,2014,30177071586.0,38454327.0,9984670.0,0.061,4,100.0,100.0,122.75,412.13,80.702415,113198.414,28.14776,2.870036075,50955.99832,56.130366,-106.346771,1.104747,784.7510004790878,144.24755614314955,0.7705092731079868
Canada,2015,30750132962.0,38454327.0,9984670.0,0.061,4,100.0,100.0,125.7,417.2,80.327095,112891.76,28.764147,0.659176864,43596.13554,56.130366,-106.346771,1.278786,799.6533904233976,141.17586613398396,0.7684656474488857
Canada,2016,31309699924.0,38454327.0,9984670.0,0.061,4,100.0,100.0,122.35,426.84,81.02748,110180.79,29.6526,1.001394414,42315.60371,56.130366,-106.346771,1.325615,814.204859806804,135.32317901681878,0.7772173564704383
Canada,2017,31879060360.0,38454327.0,9984670.0,0.061,4,100.0,100.0,113.7,435.43,82.36389,110509.586,29.67364,3.039880225,45129.35644,56.130366,-106.346771,1.297936,829.0110072658404,133.3029176107944,0.7929452042321491
Canada,2018,32458530732.0,38454327.0,9984670.0,0.061,4,100.0,100.0,112.47,428.39,82.31297,110059.28,28.814518,2.777040554,46548.52036,56.130366,-106.346771,1.295818,844.0800623555315,130.38962168216975,0.7920533964427023
Canada,2019,33040920340.0,38454327.0,9984670.0,0.061,4,100.0,100.0,110.65,421.8,82.378334,107980.76,28.586376,1.879592028,46338.34096,56.130366,-106.346771,1.326793,859.2250318150152,125.67226978001666,0.7921870598178232
Canada,2020,33576743330.0,38454327.0,9984670.0,0.061,4,100.0,100.0,102.19,429.24,83.625496,100497.28,30.54215,-5.233024303,43294.64816,56.130366,-106.346771,1.341153,873.1590421540858,115.09619112696002,0.8077075061626178
China,2000,74884032894.0,1425887337.0,9706961.0,0.063,147,97.0218,42.0,1113.3,225.56,17.874004,9334.936,5.656925,8.490093406,959.3724836,35.86166,104.195397,8.278504,52.5174962641526,177.74906772110995,0.1684716848662295
China,2001,78398966689.0,1425887337.0,9706961.0,0.063,147,97.27279,42.3,1182.59,280.73,20.1379,9797.812,6.618624,8.335733478,1053.108243,35.86166,104.195397,8.277068,54.98258148076954,178.19847188198756,0.1918445726156958
China,2002,82271561986.0,1425887337.0,9706961.0,0.063,147,97.516205,43.1,1337.46,291.41,19.137848,10602.087,6.2804885,9.13363079,1148.50829,35.86166,104.195397,8.276958,57.69850103241362,183.74978223513995,0.1789031659985143
China,2003,86816575872.0,1425887337.0,9706961.0,0.063,147,97.75438,43.4,1579.96,287.28,17.304693,12273.32,5.3011093,10.03803048,1288.643252,35.86166,104.195397,8.277037,60.885999629296094,201.57868926725368,0.1538527452282513
China,2004,92040330528.0,1425887337.0,9706961.0,0.063,147,97.98967,44.9,1795.41,357.43,18.513056,14272.745,5.60094,10.11362138,1508.668098,35.86166,104.195397,8.276801,64.54951112873232,221.11313858807688,0.1660272012783114
China,2005,97916885868.0,1425887337.0,9706961.0,0.063,147,98.22443,46.3,2042.8,404.37,18.296497,16114.158,5.554481,11.39459181,1753.417829,35.86166,104.195397,8.194317,68.67084328977388,234.65793090674973,0.1652398484780378
China,2006,104000000000.0,1425887337.0,9706961.0,0.063,147,98.46105,47.7,2364.16,446.72,17.50206,17552.816,5.5779824,12.72095567,2099.229435,35.86166,104.195397,7.973438,72.93703878373105,240.6570967604903,0.1589253187613843
China,2007,111000000000.0,1425887337.0,9706961.0,0.063,147,98.7022,49.4,2718.7,500.71,17.151705,18955.008,5.718535,14.23086093,2693.970063,35.86166,104.195397,7.607532,77.84626254802065,243.49284576516845,0.1555284974576087
China,2008,119000000000.0,1425887337.0,9706961.0,0.063,147,98.95058,51.1,2762.29,665.08,20.981703,19560.7,7.268667,9.65067892,3468.304602,35.86166,104.195397,6.948655,83.45680399292304,234.3811296878647,0.1940496649034099
China,2009,127000000000.0,1425887337.0,9706961.0,0.063,147,99.2089,53.5,2980.2,664.39,19.7715,20281.068,6.9355316,9.398725632,3832.236432,35.86166,104.195397,6.831416,89.06734543782542,227.70486647272372,0.1822948534677426
China,2010,135000000000.0,1425887337.0,9706961.0,0.063,147,99.7,55.6,3326.19,786.38,20.564993,21551.547,7.615998,10.63587106,4550.453108,35.86166,104.195397,6.770269,94.67788688272782,227.6302071115581,0.1912137665741859
China,2011,145000000000.0,1425887337.0,9706961.0,0.063,147,99.848724,58.0,3811.77,792.38,18.748974,23090.885,7.084204,9.550832179,5614.352135,35.86166,104.195397,6.461461,101.6910636888558,227.06896911464304,0.1721012564751365
China,2012,155000000000.0,1425887337.0,9706961.0,0.063,147,99.96193,60.7,3869.38,999.56,22.102327,23873.234,8.522597,7.863736449,6300.615118,35.86166,104.195397,6.312333,108.7042404949838,219.61640034734103,0.2052931438875812
China,2013,165000000000.0,1425887337.0,9706961.0,0.063,147,99.996445,63.2,4203.77,1093.37,22.276764,24600.36,8.959421,7.766150098,7020.338485,35.86166,104.195397,6.195758,115.71741730111178,212.5899503614625,0.206407608634093
China,2014,175000000000.0,1425887337.0,9706961.0,0.063,147,100.0,66.0,4345.86,1289.23,24.659735,25072.023,10.19733,7.425763656,7636.116601,35.86166,104.195397,6.143434,122.73059410723975,204.2850291924157,0.2287860531065164
China,2015,184000000000.0,1425887337.0,9706961.0,0.063,147,100.0,68.4,4222.76,1393.66,27.040327,25209.49,10.787498,7.041328879,8016.431435,35.86166,104.195397,6.227489,129.04245323275495,195.35811175667465,0.2481402744096773
China,2016,194000000000.0,1425887337.0,9706961.0,0.063,147,100.0,70.6,4355.0,1522.79,28.500713,25164.803,11.530947,6.848762205,8094.363367,35.86166,104.195397,6.644478,136.05563003888295,184.95965946288456,0.2590752646828144
China,2017,204000000000.0,1425887337.0,9706961.0,0.063,147,100.0,73.2,4643.1,1667.06,29.20226,25987.611,12.138821,6.947200793,8816.986905,35.86166,104.195397,6.758755,143.06880684501093,181.64414433226423,0.264186645029603
China,2018,214000000000.0,1425887337.0,9706961.0,0.063,147,100.0,75.6,4990.28,1835.32,29.917704,27109.42,12.807393,6.749773832,9905.342004,35.86166,104.195397,6.615957,150.0819836511389,180.63074154866607,0.2688877168307548
China,2019,225000000000.0,1425887337.0,9706961.0,0.063,147,100.0,77.6,5098.22,2014.57,31.672895,28277.445,13.51596,5.949714233,10143.83817,35.86166,104.195397,6.908385,157.7964781378797,179.2020033253954,0.2832320369362796
China,2020,236000000000.0,1425887337.0,9706961.0,0.063,147,100.0,79.4,5184.13,2184.94,32.980618,29133.936,14.242872,2.347513573,10434.77519,35.86166,104.195397,6.900767,165.51097262462048,176.02419669223914,0.2965014581215812
France,2000,31428626515.0,64626628.0,551695.0,0.004,117,100.0,100.0,50.61,67.83,90.51537,52966.594,6.7445607,3.923669227,22364.02939,46.227638,2.213749,1.082705,486.3107899579721,108.9151116811072,0.5726950354609929
France,2001,31839159871.0,64626628.0,551695.0,0.004,117,100.0,100.0,46.48,76.09,91.45038,53298.86,7.405367,1.983721419,22433.55498,46.227638,2.213749,1.116533,492.6631770266585,108.18519119222898,0.6207881210736722
France,2002,32245170292.0,64626628.0,551695.0,0.004,117,100.0,100.0,52.67,62.69,90.46041,52433.27,6.175621,1.135531482,24177.33556,46.227638,2.213749,1.057559,498.94557846960544,105.08815442523078,0.5434292649098474
France,2003,32657116430.0,64626628.0,551695.0,0.004,117,100.0,100.0,57.38,61.47,89.75211,52657.883,5.962182,0.823160757,29568.3888,46.227638,2.213749,0.884048,505.31982621776274,104.2070393202969,0.5172065628944047
France,2004,33070265266.0,64626628.0,551695.0,0.004,117,100.0,100.0,56.53,62.42,90.033325,52754.13,5.970315,2.829752929,33741.26192,46.227638,2.213749,0.803922,511.71268391103433,103.0932624081129,0.5247583018074822
France,2005,33485782809.0,64626628.0,551695.0,0.004,117,100.0,100.0,63.35,54.98,88.88324,52097.117,5.365334,1.66321998,34760.18502,46.227638,2.213749,0.8038,518.1421937873658,100.54598452829246,0.4646328065579312
France,2006,33891544108.0,64626628.0,551695.0,0.004,117,100.0,100.0,56.9,60.91,89.98239,51332.477,5.969732,2.449323601,36443.62631,46.227638,2.213749,0.796433,524.4207404415406,97.88414729131456,0.5170189287836346
France,2007,34286971771.0,64626628.0,551695.0,0.004,117,100.0,100.0,58.18,64.3,89.65155,50095.92,6.6387134,2.424736243,41508.43269,46.227638,2.213749,0.729672,530.5393895995935,94.42450642130112,0.5249836708033965
France,2008,34674963614.0,64626628.0,551695.0,0.004,117,100.0,100.0,55.57,72.33,90.205345,49932.984,7.6322675,0.25494596,45334.11796,46.227638,2.213749,0.679923,536.5429806116451,93.06427593755431,0.5655199374511337
France,2009,35043594804.0,64626628.0,551695.0,0.004,117,100.0,100.0,51.32,68.15,90.30252,46864.53,7.70645,-2.873313828,41575.42196,46.227638,2.213749,0.716958,542.2469945979543,86.42653710740696,0.570436092742948
France,2010,35420170456.0,64626628.0,551695.0,0.004,117,100.0,100.0,57.63,76.68,89.76067,48006.33,8.220292,1.949437623,40638.33525,46.227638,2.213749,0.754309,548.0739372012416,87.59097403015727,0.57091802546348
France,2011,35773905400.0,64626628.0,551695.0,0.004,117,100.0,100.0,58.99,66.02,89.60345,45914.77,7.185518,2.192700633,43790.72602,46.227638,2.213749,0.718414,553.5474541546558,82.94640261713108,0.5281177505799536
France,2012,36129836915.0,64626628.0,551695.0,0.004,117,100.0,100.0,56.42,85.25,90.05078,45681.15,9.137363,0.313134751,40874.70039,46.227638,2.213749,0.778338,559.054959745076,81.71137596351922,0.6017505470459518
France,2013,36487373830.0,64626628.0,551695.0,0.004,117,100.0,100.0,53.35,99.42,90.74507,45921.207,10.4594345,0.576326675,42592.93539,46.227638,2.213749,0.752945,564.5873064892075,81.33588281598715,0.6507822216403744
France,2014,36813259566.0,64626628.0,551695.0,0.004,117,100.0,100.0,35.68,94.03,93.69823,43808.914,10.459279,0.956183052,43011.2631,46.227638,2.213749,0.752728,569.6298987779464,76.9076800462639,0.7249248323182483
France,2015,37143169942.0,64626628.0,551695.0,0.004,117,100.0,100.0,44.65,91.84,92.22017,43929.527,10.147399,1.112912341,36638.18493,46.227638,2.213749,0.901296,574.7347663257318,76.43443475821137,0.6728698073118909
France,2016,37476748688.0,64626628.0,551695.0,0.004,117,100.0,100.0,56.45,99.0,89.89528,43053.95,10.975246,1.095464404,37037.37419,46.227638,2.213749,0.903421,579.8963963894264,74.24421029008661,0.6368607269218398
France,2017,37813744277.0,64626628.0,551695.0,0.004,117,100.0,100.0,65.09,92.63,88.294846,42633.387,10.437264,2.291419994,38685.25849,46.227638,2.213749,0.885206,585.110896966495,72.86377201489942,0.5873066193253867
France,2018,38136116165.0,64626628.0,551695.0,0.004,117,100.0,100.0,49.27,113.62,91.44365,43334.203,12.132495,1.865066071,41572.48501,46.227638,2.213749,0.846773,590.0991177351849,73.4354648187202,0.6975259377494014
France,2019,38452046901.0,64626628.0,551695.0,0.004,117,100.0,100.0,53.5,113.21,90.54302,42326.785,12.384905,1.842971814,40578.64429,46.227638,2.213749,0.893276,594.987671351196,71.13892780984413,0.6790834383060405
France,2020,38728680794.0,64626628.0,551695.0,0.004,117,100.0,100.0,48.14,125.28,90.869606,38063.406,14.788747,-7.855256037,39030.36037,46.227638,2.213749,0.875506,599.2681653450958,63.51648260521353,0.7224080267558528
Germany,2000,76216668477.0,83369843.0,357114.0,0.002,233,100.0,100.0,367.22,35.47,35.834354,48903.7,2.8871117,2.912502964,23635.92922,51.165691,10.451526,1.082705,914.19949629748,53.49346635833931,0.0880826442176363
Germany,2001,77133316999.0,83369843.0,357114.0,0.002,233,100.0,100.0,372.69,37.9,35.951813,49841.387,2.9411676,1.681468481,23607.88286,51.165691,10.451526,1.116533,925.1944614913092,53.8712552598524,0.0923061935263888
Germany,2002,78033288398.0,83369843.0,357114.0,0.002,233,100.0,100.0,372.64,44.48,35.968105,49257.79,3.538632,-0.197973835,25077.72908,51.165691,10.451526,1.057559,935.989388848915,52.62644062725701,0.1066359800537015
Germany,2003,78934440301.0,83369843.0,357114.0,0.002,233,100.0,100.0,390.81,46.67,35.139576,49300.902,3.6419897,-0.700116686,30243.57653,51.165691,10.451526,0.884048,946.7984760508664,52.07116746283327,0.1066791624759989
Germany,2004,79821529428.0,83369843.0,357114.0,0.002,233,100.0,100.0,385.24,57.97,36.874874,49342.406,4.5165977,1.175088132,34044.05363,51.165691,10.451526,0.803922,957.4388838419668,51.53582837789193,0.1307957852936531
Germany,2005,80688226652.0,83369843.0,357114.0,0.002,233,100.0,100.0,386.96,63.4,36.916584,48793.566,5.2084193,0.731707164,34507.36881,51.165691,10.451526,0.8038,967.8346959583456,50.41518577889464,0.1407762678745892
Germany,2006,81566547082.0,83369843.0,357114.0,0.002,233,100.0,100.0,390.03,72.51,38.0718,50043.03,6.0263047,3.816441913,36323.44774,51.165691,10.451526,0.796433,978.3699254657348,51.14939523123419,0.1567648203398625
Germany,2007,82418171411.0,83369843.0,357114.0,0.002,233,100.0,100.0,402.4,89.38,36.36033,47958.13,7.6538334,2.976455131,41587.2129,51.165691,10.451526,0.729672,988.5849420515282,48.51189610523146,0.1817479360689739
Germany,2008,83273098556.0,83369843.0,357114.0,0.002,233,100.0,100.0,390.43,94.28,38.340176,48445.984,7.8176284,0.959879134,45427.15168,51.165691,10.451526,0.679923,998.8395750727276,48.50226723993445,0.1945080563635988
Germany,2009,84063393275.0,83369843.0,357114.0,0.002,233,100.0,100.0,358.07,95.94,39.200935,45436.277,8.45428,-5.693836336,41485.90165,51.165691,10.451526,0.716958,1008.3189586311204,45.06141296964569,0.2113169313451245
Germany,2010,84896342383.0,83369843.0,357114.0,0.002,233,100.0,100.0,378.9,105.18,39.34106,47305.82,8.792469,4.179882499,41531.9342,51.165691,10.451526,0.754309,1018.3099707048748,46.45522616974367,0.2172781358453148
Germany,2011,85705559302.0,83369843.0,357114.0,0.002,233,100.0,100.0,373.16,124.04,38.33799,45571.504,10.566965,3.925192705,46644.77603,51.165691,10.451526,0.718414,1028.01632122541,44.32955300328124,0.2494770716009653
Germany,2012,86519543956.0,83369843.0,357114.0,0.002,233,100.0,100.0,377.89,143.04,39.088314,46132.67,11.899699,0.418497594,43858.36306,51.165691,10.451526,0.778338,1037.7798595110703,44.453233098717575,0.2745858368686771
Germany,2013,87350997794.0,83369843.0,357114.0,0.002,233,100.0,100.0,381.52,152.34,39.55161,47361.547,12.063335,0.437591303,46285.76407,51.165691,10.451526,0.752945,1047.7529362026028,45.20297234542109,0.2853557112351553
Germany,2014,88143585564.0,83369843.0,357114.0,0.002,233,100.0,100.0,360.28,162.54,41.88564,45327.562,13.278847,2.209543431,47959.99327,51.165691,10.451526,0.752728,1057.259824322807,42.87267988172452,0.3108909376075896
Germany,2015,88939195779.0,83369843.0,357114.0,0.002,233,100.0,100.0,359.99,188.79,43.80161,46066.887,14.823544,1.491931528,41086.72967,51.165691,10.451526,0.901296,1066.8029658997918,43.18218871949331,0.3440176391267903
Germany,2016,89739882411.0,83369843.0,357114.0,0.002,233,100.0,100.0,368.67,189.67,42.6614,46675.777,14.607312,2.229999868,42107.51727,51.165691,10.451526,0.903421,1076.4069978037503,43.362572981442,0.3397034065264891
Germany,2017,90525765329.0,83369843.0,357114.0,0.002,233,100.0,100.0,353.37,216.32,45.29961,47112.9,16.196213,2.680231114,44542.2952,51.165691,10.451526,0.885206,1085.833462934553,43.38869781437162,0.3797152837508118
Germany,2018,91279876936.0,83369843.0,357114.0,0.002,233,100.0,100.0,334.65,222.07,47.109306,45781.406,17.084951,1.086024514,47950.18081,51.165691,10.451526,0.846773,1094.8788392944437,41.81412988993579,0.3988899267136082
Germany,2019,91991304745.0,83369843.0,357114.0,0.002,233,100.0,100.0,284.09,240.33,52.611385,44467.746,18.768305,1.055508247,46794.89929,51.165691,10.451526,0.893276,1103.41223438552,40.30021112169712,0.458277716334236
Germany,2020,92635615097.0,83369843.0,357114.0,0.002,233,100.0,100.0,251.4,251.48,55.681694,41377.68,21.122828,-4.569616717,46208.42947,51.165691,10.451526,0.875506,1111.1405727008505,37.23892459387315,0.5000795418390073
India,2000,18939723919.0,1417173173.0,3287590.0,0.02,431,58.721474,22.3,475.35,80.27,16.808134,3518.6821,6.3762894,3.840991157,443.3141938,20.593684,78.96288,44.941605,13.364438644366013,263.2869358477212,0.1444692415679781
India,2001,19932284055.0,1417173173.0,3287590.0,0.02,431,55.8,23.4,491.01,76.19,16.222763,3469.8364,5.9925246,4.823966264,451.5729973,20.593684,78.96288,47.186414,14.06481891892262,246.70324019115012,0.1343265162200282
India,2002,20955311258.0,1417173173.0,3287590.0,0.02,431,62.3,24.7,517.51,72.78,15.112197,3519.7168,5.731832,3.803975321,470.9867868,20.593684,78.96288,48.610319,14.78669767198592,238.03264786215692,0.1232953294143556
India,2003,22014927422.0,1417173173.0,3287590.0,0.02,431,64.047485,25.9,545.36,74.63,14.53779,3583.3396,5.6240616,7.860381476,546.7266135,20.593684,78.96288,46.583284,15.534394696024917,230.6713373850954,0.1203729092404716
India,2004,23140398687.0,1417173173.0,3287590.0,0.02,431,64.4,27.3,567.86,109.2,18.68198,3826.2053,7.460849,7.922936613,627.7742417,20.593684,78.96288,45.316467,16.328561059347685,234.32593270731564,0.1612855581484654
India,2005,24326352051.0,1417173173.0,3287590.0,0.02,431,67.57981,28.6,579.32,107.47,17.770964,3987.0566,6.8943167,7.923430621,714.8610154,20.593684,78.96288,44.099975,17.165405410196826,232.2727896441965,0.1564816028189111
India,2006,25586096327.0,1417173173.0,3287590.0,0.02,431,67.9,29.5,599.24,127.56,19.503513,4136.6675,7.7062397,8.060732573,806.7532806,20.593684,78.96288,45.307008,18.05431884717169,229.12343218354275,0.1755090809025866
India,2007,26944248545.0,1417173173.0,3287590.0,0.02,431,71.119865,30.55,636.68,141.75,20.041193,4423.9287,7.8556447,7.660815065,1028.334772,20.593684,78.96288,41.348533,19.012671886782886,232.68316659245565,0.1820972984083347
India,2008,28407063143.0,1417173173.0,3287590.0,0.02,431,72.89938,32.0,674.27,138.91,18.60673,4616.339,7.2570653,3.08669806,998.5223415,20.593684,78.96288,43.505183,20.044877848530938,230.30018116764555,0.1708231879780614
India,2009,30019879742.0,1417173173.0,3287590.0,0.02,431,75.0,34.0,728.56,134.33,17.181797,4892.3794,6.4735703,7.861888833,1101.960838,20.593684,78.96288,48.405267,21.18292973218736,230.95858136025691,0.1556745355723209
India,2010,31697767327.0,1417173173.0,3287590.0,0.02,431,76.3,35.4,771.78,142.61,17.674166,5033.775,6.583671,8.497584702,1357.563727,20.593684,78.96288,45.725812,22.36689766000813,225.05468020271567,0.1559618980959984
India,2011,33477897323.0,1417173173.0,3287590.0,0.02,431,67.6,37.2,828.16,173.62,19.907156,5236.977,7.501343,5.241315001,1458.104066,20.593684,78.96288,46.670467,23.62301090707988,221.68964915604656,0.1733115055201741
India,2012,35441483368.0,1417173173.0,3287590.0,0.02,431,79.9,39.6,893.45,165.25,18.170246,5447.3413,6.727289,5.456388753,1443.882435,20.593684,78.96288,53.437233,25.00857625816771,217.8189291451935,0.1560876546708227
India,2013,37478420449.0,1417173173.0,3287590.0,0.02,431,81.99933,41.6,924.93,187.9,19.300434,5555.5483,7.329665,6.386106401,1449.610451,20.593684,78.96288,58.597845,26.445900305650227,210.0721940184069,0.168848790920446
India,2014,39664276367.0,1417173173.0,3287590.0,0.02,431,83.8725,44.8,1025.29,202.04,18.758022,5857.2837,7.344336,7.410227605,1573.885642,20.593684,78.96288,61.029514,27.988305961956,209.27610652683663,0.1646175030350435
India,2015,41932843845.0,1417173173.0,3287590.0,0.02,431,88.0,48.2,1080.44,203.21,18.269842,5988.8335,7.1846457,7.996253786,1605.605445,20.593684,78.96288,64.151944,29.58907538182703,202.4001569064984,0.1583063919292642
India,2016,44315067065.0,1417173173.0,3287590.0,0.02,431,89.2178,51.4,1155.52,208.21,17.558842,6184.2495,7.0113974,8.256305502,1732.554242,20.593684,78.96288,67.195313,31.27004371045909,197.76913512696865,0.1526768495229994
India,2017,46748922819.0,1417173173.0,3287590.0,0.02,431,92.12495,55.8,1198.85,234.9,18.509884,6346.3545,7.511875,6.795383419,1980.66702,20.593684,78.96288,65.121569,32.98744550747998,192.38696426375148,0.1638360941586748
India,2018,49348728536.0,1417173173.0,3287590.0,0.02,431,95.7,59.8,1276.32,263.61,19.16807,6633.665,7.9128056,6.532989011,1996.915087,20.593684,78.96288,68.389467,34.821946587892405,190.5024172975593,0.1711831057255849
India,2019,51974696684.0,1417173173.0,3287590.0,0.02,431,97.308266,63.9,1273.59,303.16,21.475914,6731.805,8.849619,4.041554187,2100.751461,20.593684,78.96288,70.420341,36.67490866622551,183.5534223483813,0.1922689075630252
India,2020,54416488997.0,1417173173.0,3287590.0,0.02,431,99.0,67.9,1202.34,315.76,23.060581,6317.096,9.730037,-7.251754782,1927.707823,20.593684,78.96288,74.099567,38.39791073789964,164.51665933388605,0.2079968381529543
Indonesia,2000,5223020360.0,275501339.0,1904569.0,0.012,145,86.3,6.1,78.43,19.6,19.99388,5435.4355,3.7336404,4.920067747,780.1902047,-0.789275,113.921327,8421.775,18.958239473384197,286.705709548131,0.1999387942466592
Indonesia,2001,5526361741.0,275501339.0,1904569.0,0.012,145,86.26,6.9,83.96,22.19,20.90438,5740.4346,4.1123867,3.643466447,748.2576087,-0.789275,113.921327,10260.85,20.05929176627341,286.1733438491408,0.2090438059349976
Indonesia,2002,5837180028.0,275501339.0,1904569.0,0.012,145,87.6,8.0,92.03,21.0,18.579138,5815.386,3.6838136,4.499475391,900.1775881,-0.789275,113.921327,9311.191667,21.187483331977564,274.47271150052217,0.1857913828187206
Indonesia,2003,6177621515.0,275501339.0,1904569.0,0.012,145,87.94,9.3,97.57,19.82,16.883892,6224.9414,3.2210946,4.780369122,1065.64852,-0.789275,113.921327,8577.133333,22.423199601944585,277.6116482261595,0.1688389130249595
Indonesia,2004,6522015244.0,275501339.0,1904569.0,0.012,145,89.01,11.3,103.8,20.97,16.806925,6087.6787,3.4259636,5.030873945,1150.261367,-0.789275,113.921327,8938.85,23.67326150817728,257.1542031881487,0.168069247415244
Indonesia,2005,6871003941.0,275501339.0,1904569.0,0.012,145,85.03832,14.1,110.22,22.66,17.05298,6186.4365,3.5274262,5.692571304,1263.287332,-0.789275,113.921327,9704.741667,24.94000198307566,248.0527669644184,0.1705298013245033
Indonesia,2006,7217709497.0,275501339.0,1904569.0,0.012,145,90.62,17.9,116.8,21.18,15.350051,6211.292,3.2203085,5.500951785,1589.801489,-0.789275,113.921327,9159.316667,26.19845523509416,237.0861924591516,0.1535005073199014
Indonesia,2007,7605964725.0,275501339.0,1904569.0,0.012,145,91.1,22.5,124.1,24.29,16.369028,6579.23,3.370551,6.345022227,1860.002811,-0.789275,113.921327,9141.0,27.60772326046662,238.3112123346023,0.1636902756250421
Indonesia,2008,7972258018.0,275501339.0,1904569.0,0.012,145,92.73,28.5,129.55,26.34,16.89653,6569.101,3.586532,6.0137036,2166.854231,-0.789275,113.921327,9698.9625,28.9372750308121,227.01173462274147,0.1689652960420809
Indonesia,2009,8374215356.0,275501339.0,1904569.0,0.012,145,93.55,34.7,136.05,26.79,16.451733,6662.824,3.655174,4.628871183,2261.247309,-0.789275,113.921327,10389.9375,30.396278240956207,219.1986777849156,0.1645173176123802
Indonesia,2010,8826146824.0,275501339.0,1904569.0,0.012,145,94.15,41.3,142.88,34.63,19.50876,7121.819,4.326221,6.223854181,3122.362673,-0.789275,113.921327,9090.433333,32.03667487075263,222.3020656398318,0.1950876006985522
Indonesia,2011,9330908794.0,275501339.0,1904569.0,0.012,145,94.83,47.3,161.41,30.46,15.875333,7429.8623,3.3885977,6.169784208,3643.047176,-0.789275,113.921327,8770.433333,33.868832826253524,219.37166651461104,0.1587533225621514
Indonesia,2012,9852436650.0,275501339.0,1904569.0,0.012,145,96.0,52.9,177.83,31.11,14.8894415,7574.457,3.4713633,6.030050653,3694.35934,-0.789275,113.921327,9386.629167,35.76184669650553,211.80273670655097,0.1488944194505599
Indonesia,2013,10348511025.0,275501339.0,1904569.0,0.012,145,96.46426,58.0,189.66,35.5,15.766565,7225.1826,4.3306036,5.557263689,3623.927241,-0.789275,113.921327,10461.24,37.56247088512335,192.35110017380512,0.1576656599751288
Indonesia,2014,10847484192.0,275501339.0,1904569.0,0.012,145,97.01,62.8,203.11,34.41,14.487201,7235.558,4.4786325,5.006668426,3491.637491,-0.789275,113.921327,11865.2113,39.373616953636656,183.76665797607663,0.1448720107780397
Indonesia,2015,11398959532.0,275501339.0,1904569.0,0.012,145,97.53737,67.1,209.71,33.56,13.795372,7266.8945,3.7929575,4.8763223,3331.695115,-0.789275,113.921327,13389.41294,41.37533259684084,175.6335005402435,0.137953713980351
Indonesia,2016,11959805514.0,275501339.0,1904569.0,0.012,145,97.62,71.2,217.97,39.58,15.367891,7212.07,5.47902,5.033069183,3562.816334,-0.789275,113.921327,13308.3268,43.41106129433367,166.13438568343344,0.1536788973014948
Indonesia,2017,12534981306.0,275501339.0,1904569.0,0.012,145,98.14,75.1,222.64,43.17,16.240925,7388.523,5.283774,5.069785901,3837.578024,-0.789275,113.921327,13380.83388,45.49880356842839,162.3893909405322,0.1624092396824799
Indonesia,2018,13149865583.0,275501339.0,1904569.0,0.012,145,98.51,78.7,235.41,48.38,17.047817,8026.891,7.393458,5.17429154,3893.859578,-0.789275,113.921327,14236.93877,47.7306775739482,168.17048087289552,0.1704781704781705
Indonesia,2019,13810459568.0,275501339.0,1904569.0,0.012,145,98.85,81.85,247.39,48.04,16.261044,8474.4795,7.870309,5.018159715,4135.201531,-0.789275,113.921327,14147.67136,50.12846622861604,169.05523223773218,0.1626104322512947
Indonesia,2020,14399959936.0,275501339.0,1904569.0,0.012,145,96.95,84.5,238.91,52.91,18.131039,7771.042,9.8601465,-2.069543499,3869.588427,-0.789275,113.921327,14582.20347,52.26820308121987,148.67628006886963,0.1813103968199575
Italy,2000,16351431856.0,59037474.0,301336.0,0.002,196,100.0,100.0,218.28,50.87,18.900242,36851.285,7.1556435,3.786955143,20087.59199,41.87194,12.56738,1.082705,276.96699652156525,133.05298271207806,0.1890024150102173
Italy,2001,16822007804.0,59037474.0,301336.0,0.002,196,100.0,100.0,216.73,54.35,20.049433,36802.125,7.6085052,1.951371556,20483.21599,41.87194,12.56738,1.116533,284.9377973725637,129.15845261441478,0.2004943190202154
Italy,2002,17300012900.0,59037474.0,301336.0,0.002,196,100.0,100.0,228.45,48.31,17.455557,36481.184,6.7783766,0.253942999,22270.14412,41.87194,12.56738,1.057559,293.0344360600523,124.49452866530612,0.1745555716143951
Italy,2003,17795977665.0,59037474.0,301336.0,0.002,196,100.0,100.0,238.52,46.86,16.420212,37436.27,6.33908,0.138626891,27465.6753,41.87194,12.56738,0.884048,301.4352826985789,124.19339124754852,0.1642021164762772
Italy,2004,18297545497.0,59037474.0,301336.0,0.002,196,100.0,100.0,240.95,53.88,18.274939,37979.51,7.220357,1.423594158,31259.7165,41.87194,12.56738,0.803922,309.9310362939986,122.54180947523076,0.1827493809992199
Italy,2005,18799805034.0,59037474.0,301336.0,0.002,196,100.0,100.0,247.29,48.43,16.376978,37805.06,6.4335437,0.817848974,32043.14037,41.87194,12.56738,0.8038,318.4385062612943,118.72012729823292,0.1637697822264304
Italy,2006,19296696911.0,59037474.0,301336.0,0.002,196,100.0,100.0,256.03,50.64,16.512863,37481.96,6.7299886,1.790639681,33501.65817,41.87194,12.56738,0.796433,326.8550566882316,114.6745605828332,0.165128639906088
Italy,2007,19787299468.0,59037474.0,301336.0,0.002,196,100.0,100.0,259.49,47.72,15.533349,36549.08,6.4319706,1.48707298,37822.66524,41.87194,12.56738,0.729672,335.1650761345243,109.0479963530878,0.1553334852381107
Italy,2008,20266202270.0,59037474.0,301336.0,0.002,196,100.0,100.0,254.34,58.16,18.6112,35659.477,8.19532,-0.962012841,40778.34274,41.87194,12.56738,0.679923,343.27692052000737,103.87962274300828,0.186112
Italy,2009,20690941204.0,59037474.0,301336.0,0.002,196,100.0,100.0,218.32,69.26,24.083735,33102.94,10.585501,-5.280937208,37079.75867,41.87194,12.56738,0.716958,350.4713159645008,94.45263704078138,0.2408373322205995
Italy,2010,21127094887.0,59037474.0,301336.0,0.002,196,100.0,100.0,220.93,76.98,25.84002,34046.293,11.43081,1.713295839,36000.52012,41.87194,12.56738,0.754309,357.85905892586123,95.13883231625408,0.2584001879762344
Italy,2011,21551372414.0,59037474.0,301336.0,0.002,196,100.0,100.0,216.78,82.96,27.67732,33284.145,12.443047,0.707333347,38599.06221,41.87194,12.56738,0.718414,365.0456388767582,91.17803763500636,0.2767732034429839
Italy,2012,21954819628.0,59037474.0,301336.0,0.002,196,100.0,100.0,204.26,92.22,31.104963,32295.604,14.165737,-2.980905768,35053.52624,41.87194,12.56738,0.778338,371.8793867772866,86.84429723269763,0.3110496492174851
Italy,2013,22324653965.0,59037474.0,301336.0,0.002,196,100.0,100.0,175.07,112.0,39.014874,30816.12,17.610695,-1.841065451,35549.9747,41.87194,12.56738,0.752945,378.1437865210832,81.49312800696214,0.3901487442087296
Italy,2014,22674235720.0,59037474.0,301336.0,0.002,196,100.0,100.0,156.76,120.68,43.497692,29214.832,19.739761,-0.004547542,35518.41529,41.87194,12.56738,0.752728,384.0651400498605,76.0673879337428,0.4349769319492503
Italy,2015,23035538202.0,59037474.0,301336.0,0.002,196,100.0,100.0,172.06,108.89,38.757786,30129.14,17.334675,0.778304351,30230.2263,41.87194,12.56738,0.901296,390.18502387144815,77.2175715537623,0.3875778608293291
Italy,2016,23393598945.0,59037474.0,301336.0,0.002,196,100.0,100.0,179.19,108.01,37.607937,30305.607,17.009197,1.293462732,30939.71425,41.87194,12.56738,0.903421,396.2499978403548,76.48102754617511,0.3760793871866295
Italy,2017,23746448857.0,59037474.0,301336.0,0.002,196,100.0,100.0,189.44,103.89,35.41745,30716.617,16.149738,1.667859041,32326.67421,41.87194,12.56738,0.885206,402.2267087003079,76.366428025759,0.3541744792554461
Italy,2018,24095469303.0,59037474.0,301336.0,0.002,196,100.0,100.0,172.98,114.41,39.810013,30957.242,17.727497,0.925810941,34605.26273,41.87194,12.56738,0.846773,408.1385545560435,75.84983495047172,0.3981001426632798
Italy,2019,24435241474.0,59037474.0,301336.0,0.002,196,100.0,100.0,175.52,115.83,39.756306,30464.062,17.93995,0.410278294,33641.63375,41.87194,12.56738,0.893276,413.89374948528456,73.60358072061949,0.3975630684743435
Italy,2020,24739056768.0,59037474.0,301336.0,0.002,196,100.0,100.0,161.17,116.9,42.039772,27763.8,19.721262,-8.9385925,31714.22095,41.87194,12.56738,0.875506,419.03989266207424,66.2557443484015,0.4203977415758622
Japan,2000,41009394035.0,123951692.0,377930.0,0.002,328,100.0,100.0,578.29,104.16,41.49231,49229.383,4.8274536,2.764647551,39169.35957,36.204824,138.252924,107.765498,330.8498123204321,148.79676870519347,0.1526265660487948
Japan,2001,42259160302.0,123951692.0,377930.0,0.002,328,100.0,100.0,564.95,101.36,41.767937,48662.785,4.716366,0.386103426,34406.18246,36.204824,138.252924,121.528948,340.9325005583627,142.73436800628411,0.1521213849409433
Japan,2002,43538280443.0,123951692.0,377930.0,0.002,328,100.0,100.0,605.12,101.1,38.66364,48643.8,4.702637,0.041962499,32820.79364,36.204824,138.252924,125.388019,351.2520058459549,138.4868959903769,0.1431565234629435
Japan,2003,44825748189.0,123951692.0,377930.0,0.002,328,100.0,100.0,633.76,114.18,35.06225,48392.92,5.3320413,1.535125499,35387.03742,36.204824,138.252924,115.933464,361.63885676526303,133.81559833713186,0.1526593042222638
Japan,2004,46108609790.0,123951692.0,377930.0,0.002,328,100.0,100.0,621.6,114.73,38.127705,48887.336,5.25767,2.186115694,38298.98017,36.204824,138.252924,108.192569,371.98854687679454,131.4216160966694,0.1558132902367145
Japan,2005,47398980851.0,123951692.0,377930.0,0.002,328,100.0,100.0,634.09,100.57,37.537926,49007.164,4.790323,1.803900872,37812.89502,36.204824,138.252924,110.218212,382.3988207518781,128.1572048356253,0.1368932567446165
Japan,2006,48666342725.0,123951692.0,377930.0,0.002,328,100.0,100.0,628.77,112.07,39.0951,48855.34,5.3090086,1.372350128,35991.546,36.204824,138.252924,116.299312,392.6234643493208,124.43306230045624,0.15127422925328
Japan,2007,49969476902.0,123951692.0,377930.0,0.002,328,100.0,100.0,705.37,100.8,34.293114,48292.938,4.7619534,1.483969412,35779.02454,36.204824,138.252924,117.753529,403.1367066937658,119.7929565780888,0.1250356624533287
Japan,2008,51201790632.0,123951692.0,377930.0,0.002,328,100.0,100.0,663.88,100.79,34.002705,47418.41,4.830859,-1.224289001,39876.30397,36.204824,138.252924,103.359494,413.0785938121765,114.79270703037392,0.1318084925523428
Japan,2009,52365003563.0,123951692.0,377930.0,0.002,328,100.0,100.0,611.86,102.28,37.38577,43254.305,5.021396,-5.693236359,41308.99684,36.204824,138.252924,93.570089,422.46299923844526,102.38601978865027,0.1432212171282941
Japan,2010,53579819796.0,123951692.0,377930.0,0.002,328,100.0,100.0,689.89,113.92,36.249386,46114.938,5.684884,4.097917919,44968.15623,36.204824,138.252924,87.779875,432.2637225153812,106.682415382103,0.1417250345230838
Japan,2011,54844685895.0,123951692.0,377930.0,0.002,328,100.0,100.0,777.1,116.5,25.776997,43712.98,5.733157,0.023809524,48760.07895,36.204824,138.252924,79.80702,442.46823105085167,98.79348828317616,0.1303715308863026
Japan,2012,56150695737.0,123951692.0,377930.0,0.002,328,100.0,100.0,920.39,111.09,12.059049,43428.844,5.6502047,1.374750999,49145.28043,36.204824,138.252924,79.790455,453.00467328029697,95.8684237968741,0.1076996160856245
Japan,2013,57466038395.0,123951692.0,377930.0,0.002,328,100.0,100.0,897.88,121.48,12.809407,43171.46,6.1299677,2.005100177,40898.6479,36.204824,138.252924,97.595658,463.6164094879802,93.11892141108363,0.1191728143148642
Japan,2014,58729767154.0,123951692.0,377930.0,0.002,328,100.0,100.0,892.18,136.53,13.271962,42146.168,6.9359174,0.296205514,38475.39525,36.204824,138.252924,105.944781,473.8117423520124,88.95129485560119,0.1327196197178991
Japan,2015,59953163599.0,123951692.0,377930.0,0.002,328,100.0,100.0,844.23,157.34,15.981131,41622.67,8.068797,1.560626697,34960.63938,36.204824,138.252924,121.044026,483.6816878546523,86.05384707578122,0.1570933634194314
Japan,2016,61156881479.0,123951692.0,377930.0,0.002,328,100.0,100.0,832.4,157.7,17.171658,41172.285,7.9758606,0.753826746,39400.73936,36.204824,138.252924,108.7929,493.3928734026479,83.4472632651914,0.1592768407231592
Japan,2017,62345004321.0,123951692.0,377930.0,0.002,328,100.0,100.0,806.12,175.12,20.106245,41783.035,8.634004,1.675331752,38891.08627,36.204824,138.252924,112.166141,502.9782434998951,83.07125713680838,0.178468060821002
Japan,2018,63488462197.0,123951692.0,377930.0,0.002,328,100.0,100.0,780.61,183.63,22.869198,41694.16,9.322305,0.558851275,39808.16856,36.204824,138.252924,110.423179,512.2032718762725,81.40158856711015,0.1904401393843856
Japan,2019,64594391532.0,123951692.0,377930.0,0.002,328,100.0,100.0,735.66,192.72,25.860157,40868.688,9.565927,0.270304645,40777.6087,36.204824,138.252924,109.009666,521.1255327761077,78.42388336316368,0.2075874103276675
Japan,2020,65625166916.0,123951692.0,377930.0,0.002,328,100.0,100.0,716.67,205.6,25.666662,38029.27,11.155339,-4.585508281,40193.25244,36.204824,138.252924,106.774582,529.4414772167854,71.82903424929157,0.2229282097433506
Mexico,2000,10898582285.0,127504125.0,1964375.0,0.013,65,98.00713,82.4,141.8,44.51,26.952402,17300.662,7.1508975,4.942453715,7157.8145,23.634501,-102.552784,9.455558,85.47631133502543,202.40300183509143,0.2389029037625462
Mexico,2001,11309280207.0,127504125.0,1964375.0,0.013,65,97.13832,83.1,153.32,39.56,23.785852,16898.29,6.3393073,-0.404390127,7544.568723,23.634501,-102.552784,9.342342,88.6973672969404,190.51625222908848,0.2051016175860638
Mexico,2002,11721247894.0,127504125.0,1964375.0,0.013,65,97.89709,84.1,159.81,35.67,21.944904,17044.275,5.4490385,-0.039844481,7593.137345,23.634501,-102.552784,9.655958,91.9283818778412,185.40819115742997,0.1824739103744628
Mexico,2003,12159005432.0,127504125.0,1964375.0,0.013,65,97.400856,84.6,160.45,32.11,20.78108,16996.574,4.6524553,1.446382684,7075.369643,23.634501,-102.552784,10.789019,95.3616632559927,178.2327763555645,0.1667532197756543
Mexico,2004,12597862129.0,127504125.0,1964375.0,0.013,65,98.5977,84.9,173.66,38.19,21.271194,17731.264,5.303242,3.92059081,7484.486399,23.634501,-102.552784,11.285967,98.80356521014517,179.45975899035017,0.1802690582959641
Mexico,2005,13061855319.0,127504125.0,1964375.0,0.013,65,98.93273,85.3,178.76,42.29,22.738472,19153.719,5.473337,2.307807066,8277.671564,23.634501,-102.552784,10.897892,102.442609750861,186.97023676555665,0.1913141823116942
Mexico,2006,13538420535.0,127504125.0,1964375.0,0.013,65,99.11416,85.3,182.76,43.63,22.817688,19171.469,5.5860863,4.495077894,9068.294218,23.634501,-102.552784,10.899242,106.18025522703677,180.55587603370492,0.1927205265250232
Mexico,2007,14018207347.0,127504125.0,1964375.0,0.013,65,97.91057,85.4,191.83,42.14,21.355362,19098.814,5.209547,2.291445714,9642.680517,23.634501,-102.552784,10.928192,109.94316730537147,173.71533373194796,0.1801085609266145
Mexico,2008,14511187017.0,127504125.0,1964375.0,0.013,65,98.91404,85.4,184.51,53.22,25.326805,19633.797,6.696116,1.143584587,10016.57121,23.634501,-102.552784,11.129717,113.80954943222424,172.51449547027948,0.2238674126109452
Mexico,2009,14987090071.0,127504125.0,1964375.0,0.013,65,98.19821,85.2,194.75,40.59,20.65594,19065.637,4.9565783,-5.285744137,8002.972178,23.634501,-102.552784,13.513475,117.54200164896626,162.202759290578,0.1724738675958188
Mexico,2010,15450872585.0,127504125.0,1964375.0,0.013,65,99.236694,85.0,207.38,51.37,21.568775,18870.824,6.283124,5.118118143,9271.398396,23.634501,-102.552784,12.636008,121.1793938823548,155.7263441862109,0.1985314009661835
Mexico,2011,15935037426.0,127504125.0,1964375.0,0.013,65,99.02815,84.85,219.88,50.7,21.538681,19447.846,5.886854,3.66300793,10203.4213,23.634501,-102.552784,12.423325,124.97664233215984,155.61184583845673,0.1873752679429374
Mexico,2012,16431337006.0,127504125.0,1964375.0,0.013,65,99.11163,84.6,229.14,47.2,19.529411,19349.783,5.4620795,3.642322679,10241.72783,23.634501,-102.552784,13.169458,128.8690621264214,150.15072415920693,0.1708040819280596
Mexico,2013,16921466676.0,127504125.0,1964375.0,0.013,65,99.1477,84.6,231.23,44.67,19.510582,19108.69,5.06007,1.354091962,10725.18359,23.634501,-102.552784,12.771992,132.7130920352577,143.98496566505602,0.1619064878579195
Mexico,2014,17402595462.0,127504125.0,1964375.0,0.013,65,99.17293,84.6,223.43,57.46,23.005617,18757.031,6.727102,2.849773255,10928.91601,23.634501,-102.552784,13.29245,136.48652905935396,137.4277090147345,0.2045640642244295
Mexico,2015,17884570053.0,127504125.0,1964375.0,0.013,65,99.0,84.6,234.28,52.42,21.35088,18335.252,6.0522633,3.293151528,9616.645558,23.634501,-102.552784,15.848267,140.26659963354126,130.71716322989542,0.1828392047436344
Mexico,2016,18367368105.0,127504125.0,1964375.0,0.013,65,99.5,84.8,239.78,52.97,20.869911,18538.975,6.1314926,2.630532425,8744.515559,23.634501,-102.552784,18.664058,144.05312851643035,128.69540003003468,0.1809393680614859
Mexico,2017,18827217256.0,127504125.0,1964375.0,0.013,65,100.0,84.8,242.69,55.88,21.495113,18689.648,6.372722,2.113129135,9287.849587,23.634501,-102.552784,18.926517,147.65967184198942,126.57246062418308,0.1871587902334461
Mexico,2018,19282525157.0,127504125.0,1964375.0,0.013,65,99.5,84.8,259.92,58.78,21.71556,18269.648,6.939361,2.194994725,9686.984927,23.634501,-102.552784,19.244342,151.23059867278803,120.80655740528644,0.1844367743959836
Mexico,2019,19718037545.0,127504125.0,1964375.0,0.013,65,99.6,84.9,248.2,59.0,21.969315,17903.295,7.0507708,-0.176599456,9950.45008,23.634501,-102.552784,19.263633,154.64627160101682,115.7693283818055,0.1920572916666666
Mexico,2020,20075005664.0,127504125.0,1964375.0,0.013,65,99.4,84.9,245.46,69.19,24.594496,16382.68,9.475372,-8.309034659,8329.271313,23.634501,-102.552784,21.485608,157.44593097674291,104.05273669739972,0.2198951215636421
Saudi Arabia,2000,5929403156.0,36408820.0,2149690.0,0.0139999999999999,17,100.0,100.0,138.68,0.0,0.0,61950.85,0.0,5.625416143,9171.331476,23.885942,45.079162,3.75,162.85622978168476,380.4020889041062,0.0
Saudi Arabia,2001,6225991207.0,36408820.0,2149690.0,0.0139999999999999,17,100.0,100.0,146.09,0.0,0.0,64399.926,0.0,-1.210743863,8684.645762,23.885942,45.079162,3.75,171.00227931034294,376.6027345350409,0.0
Saudi Arabia,2002,6551689110.0,36408820.0,2149690.0,0.0139999999999999,17,100.0,100.0,154.91,0.0,0.0,65480.074,0.0,-2.819174404,8695.396483,23.885942,45.079162,3.75,179.9478563161344,363.8836012859408,0.0
Saudi Arabia,2003,6878206224.0,36408820.0,2149690.0,0.0139999999999999,17,100.0,100.0,166.58,0.0,0.0,67781.13,0.0,11.24206139,9609.968686,23.885942,45.079162,3.75,188.91593366662252,358.7899055651519,0.0
Saudi Arabia,2004,7272791114.0,36408820.0,2149690.0,0.0139999999999999,17,100.0,100.0,173.41,0.0,0.0,71949.19,0.0,7.958441664,11185.13704,23.885942,45.079162,3.75,199.75355185913745,360.1897905211581,0.0
Saudi Arabia,2005,7668645874.0,36408820.0,2149690.0,0.0139999999999999,17,100.0,100.0,191.05,0.0,0.0,74232.79,0.0,5.573850121,13791.45476,23.885942,45.079162,3.75,210.62604813888504,352.4387921433702,0.0
Saudi Arabia,2006,8099937842.0,36408820.0,2149690.0,0.0139999999999999,17,100.0,100.0,196.31,0.0,0.0,74860.33,0.0,2.788402228,15384.73836,23.885942,45.079162,3.75,222.47185824753453,336.49348097190006,0.0
Saudi Arabia,2007,8486444989.0,36408820.0,2149690.0,0.0139999999999999,17,100.0,100.0,204.43,0.0,0.0,73638.34,0.0,1.847130252,16516.63178,23.885942,45.079162,3.75,233.08761418249756,315.92558128097,0.0
Saudi Arabia,2008,8918781399.0,36408820.0,2149690.0,0.0139999999999999,17,100.0,100.0,204.2,0.0,0.0,77575.414,8.17e-05,6.249772755,20078.26007,23.885942,45.079162,3.75,244.96211080172333,316.683317865394,0.0
Saudi Arabia,2009,9384625708.0,36408820.0,2149690.0,0.0139999999999999,17,100.0,100.0,217.31,0.0,0.0,77417.27,7.74e-05,-2.05924919,16113.14371,23.885942,45.079162,3.75,257.7569310952676,300.3499059017986,0.0
Saudi Arabia,2010,9902341655.0,36408820.0,2149690.0,0.0139999999999999,17,100.0,100.0,240.06,0.0,0.0,83337.16,0.000468167,5.039484027,19262.5476,23.885942,45.079162,3.75,271.97645117309486,306.4131458460772,0.0
Saudi Arabia,2011,10400000665.0,36408820.0,2149690.0,0.0139999999999999,17,100.0,100.0,250.07,0.01,0.003998721,84816.25,0.000582545,9.996846554,23745.88058,23.885942,45.079162,3.75,285.6450899809442,296.9287867180151,3.9987204094689705e-05
Saudi Arabia,2012,10963180158.0,36408820.0,2149690.0,0.0139999999999999,17,100.0,100.0,271.68,0.03,0.011041184,88062.086,0.002598472,5.411444902,25243.602,23.885942,45.079162,3.75,301.1133060066215,292.4549803789259,0.0001104118361488
Saudi Arabia,2013,11503985390.0,36408820.0,2149690.0,0.0139999999999999,17,100.0,100.0,284.02,0.04,0.014081532,86753.6,0.004260368,2.699254723,24845.12466,23.885942,45.079162,3.75,315.9669934373045,274.5653875306252,0.0001408153207068
Saudi Arabia,2014,12113191007.0,36408820.0,2149690.0,0.0139999999999999,17,100.0,100.0,311.81,0.05,0.016032835,91258.06,0.004248494,3.652481698,24464.21256,23.885942,45.079162,3.75,332.6993571063275,274.29587118449047,0.0001603283524658
Saudi Arabia,2015,12788069175.0,36408820.0,2149690.0,0.0139999999999999,17,100.0,100.0,338.34,0.05,0.01477585,93332.54,0.004093797,4.10640887,20627.92693,23.885942,45.079162,3.75,351.2354746734445,265.72640501866846,0.0001477585035018
Saudi Arabia,2016,13427125661.0,36408820.0,2149690.0,0.0139999999999999,17,99.9,100.0,337.38,0.05,0.014817889,95158.55,0.003963404,1.670624758,19878.76384,23.885942,45.079162,3.75,368.78771849788046,258.0306914438283,0.0001481788815458
Saudi Arabia,2017,14066503627.0,36408820.0,2149690.0,0.0139999999999999,17,99.93,100.0,354.3,0.07,0.019753365,93054.375,0.005624967,-0.741502653,20802.46631,23.885942,45.079162,3.75,386.3487920509371,240.8558714679028,0.0001975336512684
Saudi Arabia,2018,14688456370.0,36408820.0,2149690.0,0.0139999999999999,17,100.0,100.0,334.7,0.16,0.047781166,88573.47,0.013882196,2.434110781,23337.01755,23.885942,45.079162,3.75,403.4312666546183,219.5503356358065,0.0004778116227677
Saudi Arabia,2019,15310869119.0,36408820.0,2149690.0,0.0139999999999999,17,100.0,100.0,335.24,0.21,0.062602475,82989.266,0.018180711,0.331435729,23139.79798,23.885942,45.079162,3.75,420.5263757243437,197.34616136039872,0.0006260247428826
Saudi Arabia,2020,15936377001.0,36408820.0,2149690.0,0.0139999999999999,17,100.0,100.0,337.82,0.21,0.062124662,80309.99,0.018463893,-4.106583413,20110.31619,23.885942,45.079162,3.75,437.706495321738,183.47909125947012,0.000621246634914
South Africa,2000,12148799925.0,59893885.0,1221037.0,0.008,49,72.28246,55.9,181.67,1.79,7.5329566,25321.518,0.40555847,4.200000001,3374.718423,-30.559482,22.937506,6.939828,202.8387359577693,124.8357118793715,0.0097568952360187
South Africa,2001,12520316621.0,59893885.0,1221037.0,0.008,49,70.2,57.8,183.36,2.46,6.706014,25228.531,0.5403345,2.7,2971.819769,-30.559482,22.937506,8.609181,209.04165126373084,120.68662320396244,0.0132386180174362
South Africa,2002,12876674029.0,59893885.0,1221037.0,0.008,49,76.7,60.0,188.79,2.81,7.269512,24361.893,0.65354025,3.700374404,2797.087291,-30.559482,22.937506,10.540747,214.9914641369482,113.31562905437784,0.0146659707724425
South Africa,2003,13280847122.0,59893885.0,1221037.0,0.008,49,78.8,62.1,204.39,1.19,6.3462243,26150.76,0.2989763,2.949075468,4217.11478,-30.559482,22.937506,7.564749,221.7396170243423,117.9345412016708,0.0057885008269286
South Africa,2004,13729925810.0,59893885.0,1221037.0,0.008,49,80.9,64.4,212.63,1.33,6.8392916,28271.896,0.29398483,4.554559907,5409.133489,-30.559482,22.937506,6.459693,229.2375224949926,123.33014112302476,0.0062161151617124
South Africa,2005,14145850450.0,59893885.0,1221037.0,0.008,49,80.8,66.8,215.23,1.75,6.103307,26508.63,0.40433392,5.277051973,6033.101491,-30.559482,22.937506,6.359328,236.18188150593335,112.23820316349732,0.0080652594709189
South Africa,2006,14592473038.0,59893885.0,1221037.0,0.008,49,80.7,69.0,223.25,3.28,5.642434,26793.564,0.72594017,5.603806459,6266.533987,-30.559482,22.937506,6.771549,243.638779451358,109.97249313239676,0.0144793184125722
South Africa,2007,15057273313.0,59893885.0,1221037.0,0.008,49,82.0,71.4,232.91,1.3,5.6318626,27245.98,0.7023894,5.360474054,6780.884555,-30.559482,22.937506,7.045365,251.3991756086619,108.37736414224442,0.0055505742709534
South Africa,2008,15551915567.0,59893885.0,1221037.0,0.008,49,81.9,73.5,226.32,1.66,5.9859595,28867.244,0.35045084,3.191043886,6350.65271,-30.559482,22.937506,8.261223,259.65781927487257,111.17417561549058,0.0072813404684621
South Africa,2009,16054175011.0,59893885.0,1221037.0,0.008,49,82.6,75.4,218.17,1.86,5.798791,28399.283,0.38785627,-1.538089135,6532.736968,-30.559482,22.937506,8.473674,268.0436410328033,105.95022098108451,0.0084533927191746
South Africa,2010,16521105019.0,59893885.0,1221037.0,0.008,49,82.9,77.1,227.57,2.51,6.342086,28247.576,0.31502998,3.039732881,8148.961202,-30.559482,22.937506,7.321222,275.83959562816807,102.40580557578016,0.0109092489568845
South Africa,2011,16995053971.0,59893885.0,1221037.0,0.008,49,83.6,78.8,229.06,2.49,6.311096,27552.764,0.6983461,3.168556279,8810.930651,-30.559482,22.937506,7.261132,283.7527398832118,97.10131437441022,0.0107536169293889
South Africa,2012,17456192937.0,59893885.0,1221037.0,0.008,49,85.3,80.2,226.84,1.66,5.836447,26770.203,0.3148212,2.396232385,8222.197279,-30.559482,22.937506,8.209969,291.4520061104736,91.85115366765694,0.0072647702407002
South Africa,2013,17912058881.0,59893885.0,1221037.0,0.008,49,85.2,81.5,223.28,1.62,6.3854766,26525.145,0.370654,2.485468008,7467.079185,-30.559482,22.937506,9.655056,299.0632329327109,88.69410238057631,0.0072032014228546
South Africa,2014,18392686817.0,59893885.0,1221037.0,0.008,49,85.9,82.65,218.42,3.38,7.668245,26411.893,0.81809825,1.413826452,6988.808739,-30.559482,22.937506,10.852656,307.0878908088864,86.00760170135533,0.0152389540126239
South Africa,2015,18843258345.0,59893885.0,1221037.0,0.008,49,85.3,83.4,214.88,6.09,7.3553505,25352.562,1.2246652,1.321862237,6259.839681,-30.559482,22.937506,12.758931,314.6107210276976,80.58390990994874,0.0275603023034801
South Africa,2016,19308027414.0,59893885.0,1221037.0,0.008,49,83.9,84.4,213.09,7.69,9.703801,26236.475,1.6210166,0.664552308,5756.965741,-30.559482,22.937506,14.709611,322.3705961635316,81.38606719171996,0.0348310535374581
South Africa,2017,19772226154.0,59893885.0,1221037.0,0.008,49,84.4,85.2,212.77,10.04,10.563262,26033.504,2.406186,1.157946952,6690.939847,-30.559482,22.937506,13.323801,330.12094897500805,78.86050273644064,0.0450608141465822
South Africa,2018,20236418776.0,59893885.0,1221037.0,0.008,49,84.7,85.7,214.25,12.22,9.610598,24742.117,2.6591578,1.487617373,7005.095413,-30.559482,22.937506,13.233926,337.87119963916183,73.22943484506514,0.0539585817106018
South Africa,2019,20712341392.0,59893885.0,1221037.0,0.008,49,85.0,86.3,208.39,12.57,11.15706,25511.209,2.6449363,0.113053697,6624.761865,-30.559482,22.937506,14.448427,345.8172965737654,73.77077217581645,0.0568881245474294
South Africa,2020,21164298479.0,59893885.0,1221037.0,0.008,49,84.38554,86.8,197.5,12.83,11.015995,23568.951,3.150246,-6.431974826,5655.867654,-30.559482,22.937506,16.459105,353.36326035621164,66.69892896120855,0.0609993819236437
Turkey,2000,4307207093.0,85341241.0,783562.0,0.005,109,100.0,90.1,93.17,31.16,25.062334,13486.676,10.657172,6.933239705,4337.478003,38.963745,35.243322,0.625219,50.4704061310756,267.2194863059759,0.2506233411083407
Turkey,2001,4520693187.0,85341241.0,783562.0,0.005,109,100.0,90.8,97.85,24.34,19.919796,12073.247,9.108514,-5.750006555,3142.920998,38.963745,35.243322,1.225588,52.97196448080712,227.91767528981103,0.1991979703740077
Turkey,2002,4741670888.0,85341241.0,783562.0,0.005,109,100.0,91.3,94.46,33.96,26.444479,13026.9795,11.535796,6.447722047,3687.956093,38.963745,35.243322,1.507226,55.56130696529243,234.46135829989717,0.2644447905310699
Turkey,2003,4978154781.0,85341241.0,783562.0,0.005,109,100.0,91.7,103.96,35.56,25.487387,13613.353,11.330117,5.763206067,4760.104019,38.963745,35.243322,1.500885,58.33234579984605,233.37571656574676,0.2548738532110092
Turkey,2004,5222618893.0,85341241.0,783562.0,0.005,109,99.99799,92.3,103.43,46.31,30.926939,14380.439,13.691692,9.795936389,6101.632117,38.963745,35.243322,1.425537,61.19689416046809,234.98641879262988,0.3092694002938426
Turkey,2005,5486819690.0,85341241.0,783562.0,0.005,109,99.98703,92.8,121.81,39.74,24.599195,14507.764,11.418583,8.992304936,7456.296101,38.963745,35.243322,1.343583,64.29271036731232,225.65177167232991,0.2459919529557412
Turkey,2006,5768468875.0,85341241.0,783562.0,0.005,109,99.960724,93.1,131.65,44.52,25.271046,15888.103,11.456921,6.947988086,8101.856924,38.963745,35.243322,1.428453,67.5929809246622,235.0555158635268,0.2527104501333939
Turkey,2007,6081205583.0,85341241.0,783562.0,0.005,109,99.92317,93.4,154.95,36.46,19.048117,16664.893,8.7794895,5.043507932,9791.88245,38.963745,35.243322,1.302931,71.2575246357151,233.86853648361736,0.1904811660832767
Turkey,2008,6390526778.0,85341241.0,783562.0,0.005,109,99.88086,93.7,163.89,34.42,17.356663,16521.768,8.211599,0.815024573,10941.17215,38.963745,35.243322,1.301522,74.88204651254134,220.6372390908536,0.1735666380918763
Turkey,2009,6705886416.0,85341241.0,783562.0,0.005,109,99.850876,93.9,156.58,38.15,19.59123,16535.234,8.923344,-4.823153953,9103.474051,38.963745,35.243322,1.54996,78.5773248364176,210.43264115217812,0.1959122888101473
Turkey,2010,7020266449.0,85341241.0,783562.0,0.005,109,100.0,94.2,155.34,55.72,26.400076,17211.758,12.280028,8.427104323,10742.77498,38.963745,35.243322,1.502849,82.2611244779063,209.2331962301675,0.2640007580782715
Turkey,2011,7359748701.0,85341241.0,783562.0,0.005,109,100.0,94.3,171.19,58.09,25.335835,18146.143,11.913782,11.20011058,11420.55546,38.963745,35.243322,1.674955,86.23906349100314,210.4167446332843,0.2533583391486392
Turkey,2012,7713414910.0,85341241.0,783562.0,0.005,109,100.0,94.5,174.17,65.21,27.241205,18988.32,12.522766,4.788492711,11795.63346,38.963745,35.243322,1.796001,90.38320534851374,210.086817863804,0.2724120644999582
Turkey,2013,8058635494.0,85341241.0,783562.0,0.005,109,100.0,94.7,170.65,69.22,28.857298,18532.307,13.313222,8.485816997,12614.78161,38.963745,35.243322,1.903768,94.42838420875552,196.25780061035567,0.2885729770292241
Turkey,2014,8420310957.0,85341241.0,783562.0,0.005,109,100.0,94.8,199.0,52.62,20.912487,18718.594,9.769227,4.939715161,12157.99043,38.963745,35.243322,2.188542,98.66637581471308,189.7160389791949,0.2091248708369763
Turkey,2015,8801642900.0,85341241.0,783562.0,0.005,109,100.0,94.9,177.64,83.65,32.014236,20173.496,14.063813,6.084486904,11006.27952,38.963745,35.243322,2.720009,103.13469545163984,195.60338944772863,0.3201423705461365
Turkey,2016,9202882638.0,85341241.0,783562.0,0.005,109,100.0,95.1,183.45,90.24,32.97161,20824.393,14.479534,3.323084208,10894.60338,38.963745,35.243322,3.020135,107.83628794430116,193.11118174575955,0.3297161021593773
Turkey,2017,9628211868.0,85341241.0,783562.0,0.005,109,100.0,95.2,209.19,87.24,29.43022,21773.725,13.170472,7.501997489,10589.66772,38.963745,35.243322,3.648133,112.82015301371116,192.99499618081367,0.2943021961339945
Turkey,2018,10047648773.0,85341241.0,783562.0,0.005,109,100.0,95.2,206.09,97.77,32.176003,21345.375,14.846624,2.979885235,9454.348443,38.963745,35.243322,4.82837,117.73497379772108,181.30020597510145,0.3217600210623313
Turkey,2019,10446993687.0,85341241.0,783562.0,0.005,109,100.0,95.2,170.53,132.26,43.680435,21973.062,19.254936,0.889585161,9121.515167,38.963745,35.243322,5.673819,122.41436337913107,179.49741675286054,0.4368043858780013
Turkey,2020,10839787738.0,85341241.0,783562.0,0.005,109,100.0,95.2,177.08,128.34,42.02082,21435.07,19.15011,1.793551396,8536.43332,38.963745,35.243322,7.008605,127.0169921480284,168.7574995872922,0.4202082378364219
United Kingdom,2000,68470975750.0,67508936.0,242900.0,0.002,278,100.0,100.0,279.34,9.98,25.385971,45275.645,1.1345575,3.672369105,28223.06757,55.378051,-3.435973,0.660931,1014.2505541784868,44.63950728296317,0.0344946771740633
United Kingdom,2001,69047289288.0,67508936.0,242900.0,0.002,278,100.0,100.0,282.72,9.56,26.061146,45559.023,1.0856745,2.072656279,27806.44882,55.378051,-3.435973,0.694655,1022.7874023669992,44.54398137341585,0.0327083618448063
United Kingdom,2002,69607355320.0,67508936.0,242900.0,0.002,278,100.0,100.0,285.62,11.13,25.735828,44332.9,1.2876195,2.123222773,30049.89632,55.378051,-3.435973,0.667223,1031.0835786243172,42.99641747679605,0.0375063184498736
United Kingdom,2003,70178827241.0,67508936.0,242900.0,0.002,278,100.0,100.0,296.15,10.62,25.112528,44750.703,1.2342336,3.029889927,34487.46757,55.378051,-3.435973,0.612472,1039.548708647993,43.048202193624455,0.0346187697623626
United Kingdom,2004,70751730898.0,67508936.0,242900.0,0.002,278,100.0,100.0,297.15,14.14,24.058882,44856.6,1.6083946,2.355629762,40371.71083,55.378051,-3.435973,0.54618,1048.035046767735,42.80066791501211,0.0454238812682707
United Kingdom,2005,71321693012.0,67508936.0,242900.0,0.002,278,100.0,100.0,296.87,16.93,24.922867,44937.305,1.924693,2.59328001,42132.09072,55.378051,-3.435973,0.549998,1056.4778122410344,42.53502011999434,0.0539515615041427
United Kingdom,2006,71889264950.0,67508936.0,242900.0,0.002,278,100.0,100.0,299.88,18.11,23.779991,44057.82,2.1163092,2.584104677,44654.09692,55.378051,-3.435973,0.543487,1064.88517238666,41.37330591359065,0.0569514764615239
United Kingdom,2007,72448501368.0,67508936.0,242900.0,0.002,278,100.0,100.0,310.26,19.69,21.049417,42517.13,2.42211,2.269486875,50653.25691,55.378051,-3.435973,0.499772,1073.1690596930753,39.61829649855898,0.0596757084406728
United Kingdom,2008,72992999493.0,67508936.0,242900.0,0.002,278,100.0,100.0,310.5,21.85,19.317118,41451.902,2.912039,-0.239638085,47549.34863,55.378051,-3.435973,0.543966,1081.2346308198369,38.33756413126488,0.0657439446366782
United Kingdom,2009,73486894347.0,67508936.0,242900.0,0.002,278,100.0,100.0,278.73,25.25,25.289482,39040.56,3.545405,-4.247356266,38952.21103,55.378051,-3.435973,0.641919,1088.5506230908454,35.8647169657096,0.083064675307586
United Kingdom,2010,73998525977.0,67508936.0,242900.0,0.002,278,100.0,100.0,290.59,26.18,23.308966,39540.008,3.6591299,2.131438198,39688.61497,55.378051,-3.435973,0.647179,1096.1293476318451,36.072392446589454,0.0826467152823815
United Kingdom,2011,74467979649.0,67508936.0,242900.0,0.002,278,100.0,100.0,260.88,35.2,28.537775,37007.074,4.891127,1.457563391,42284.88449,55.378051,-3.435973,0.624141,1103.083296246885,33.548757492668365,0.118886787354769
United Kingdom,2012,74955496204.0,67508936.0,242900.0,0.002,278,100.0,100.0,249.25,41.24,30.934633,37292.91,5.453807,1.469887521,42686.80005,55.378051,-3.435973,0.633047,1110.3048077072344,33.587992901705434,0.1419670212399738
United Kingdom,2013,75432883692.0,67508936.0,242900.0,0.002,278,100.0,100.0,231.56,53.21,34.84158,36881.977,6.9547257,1.890018342,43713.81412,55.378051,-3.435973,0.639661,1117.3762787788569,33.007660624679694,0.1868525476700495
United Kingdom,2014,75871424691.0,67508936.0,242900.0,0.002,278,100.0,100.0,206.94,64.52,38.265564,34583.77,8.877189,2.991164814,47787.2413,55.378051,-3.435973,0.60773,1123.8723224877965,30.771974100621676,0.2376777425771752
United Kingdom,2015,76293764798.0,67508936.0,242900.0,0.002,278,100.0,100.0,182.43,82.57,45.5985,34890.32,10.976621,2.622596679,45404.56777,55.378051,-3.435973,0.654545,1130.128384751909,30.872881763481487,0.3115849056603773
United Kingdom,2016,76693102192.0,67508936.0,242900.0,0.002,278,100.0,100.0,181.56,82.99,46.009277,34296.684,11.037631,2.263463538,41499.5557,55.378051,-3.435973,0.740634,1136.0437111910635,30.18958131817154,0.3137025137025137
United Kingdom,2017,77080667373.0,67508936.0,242900.0,0.002,278,100.0,100.0,165.91,98.85,50.489407,34098.812,12.948246,2.134453093,40857.75558,55.378051,-3.435973,0.776977,1141.7846575600006,29.86448606943916,0.3733570025683638
United Kingdom,2018,77462557032.0,67508936.0,242900.0,0.002,278,100.0,100.0,155.41,110.03,52.977306,33771.496,14.526468,1.650925496,43646.95197,55.378051,-3.435973,0.749532,1147.4415332512424,29.43199720539089,0.4145192887281494
United Kingdom,2019,77831566725.0,67508936.0,242900.0,0.002,278,100.0,100.0,144.99,120.48,54.923054,32893.76,16.24154,1.671944197,43070.49836,55.378051,-3.435973,0.783445,1152.9076198890173,28.531132445083905,0.4538365917052774
United Kingdom,2020,78161145636.0,67508936.0,242900.0,0.002,278,100.0,100.0,124.78,131.74,59.403976,29425.54,20.078987,-9.396160006,41059.16881,55.378051,-3.435973,0.78,1157.7896241173169,25.41527354110954,0.5135661936691097
United States,2000,304000000000.0,338289857.0,9372610.0,0.061,36,100.0,100.0,2697.28,350.93,29.05815,93999.86,4.027357,4.127484017,36334.90878,37.09024,-95.712891,1.0,898.637643752943,104.60262893888164,0.1151265824861148
United States,2001,310000000000.0,338289857.0,9372610.0,0.061,36,100.0,100.0,2678.68,280.06,28.138706,90772.18,3.421371,0.998340792,37133.24281,37.09024,-95.712891,1.0,916.3739130375404,99.05583158638149,0.0946551572628889
United States,2002,316000000000.0,338289857.0,9372610.0,0.061,36,100.0,100.0,2727.83,336.34,29.040926,91201.06,4.0155067,1.741695251,38023.16111,37.09024,-95.712891,1.0,934.110182322138,97.63415679002664,0.1097654503503395
United States,2003,322000000000.0,338289857.0,9372610.0,0.061,36,100.0,100.0,2756.03,349.18,28.765244,90619.11,4.1800404,2.861210768,39496.48588,37.09024,-95.712891,1.0,951.8464516067356,95.20349615952568,0.112449721596929
United States,2004,328000000000.0,338289857.0,9372610.0,0.061,36,100.0,100.0,2818.28,345.14,28.686348,91504.484,4.1015115,3.798891125,41712.80107,37.09024,-95.712891,1.0,969.5827208913332,94.37511831469142,0.1091034386834501
United States,2005,334000000000.0,338289857.0,9372610.0,0.061,36,100.0,100.0,2899.96,353.04,28.129686,90654.53,4.219231,3.513213799,44114.74778,37.09024,-95.712891,1.0,987.3189901759308,91.8188861979108,0.1085275130648632
United States,2006,340000000000.0,338289857.0,9372610.0,0.061,36,100.0,100.0,2878.56,381.16,28.870703,89067.04,4.6788607,2.854972294,46298.73144,37.09024,-95.712891,1.0,1005.0552594605284,88.61904772062728,0.116930288491036
United States,2007,347000000000.0,338289857.0,9372610.0,0.061,36,100.0,100.0,2988.24,347.91,27.865068,89395.14,4.3730087,1.876171454,47975.9677,37.09024,-95.712891,1.0,1025.747573625892,87.15120785906335,0.1042848792770109
United States,2008,353000000000.0,338289857.0,9372610.0,0.061,36,100.0,100.0,2924.21,377.11,28.808554,86378.65,5.0045505,-0.136579803,48382.55845,37.09024,-95.712891,1.0,1043.4838429104896,82.77909676020694,0.1142300655495377
United States,2009,358000000000.0,338289857.0,9372610.0,0.061,36,100.0,100.0,2725.41,415.56,30.823996,81376.18,5.8000064,-2.536757067,47099.98047,37.09024,-95.712891,1.0,1058.264067314321,76.89591143968228,0.1323030783484083
United States,2010,364000000000.0,338289857.0,9372610.0,0.061,36,100.0,100.0,2882.49,424.48,29.93359,83397.48,5.8405547,2.56376656,48466.6576,37.09024,-95.712891,1.0,1076.0003365989185,77.50692742681417,0.1283591928563004
United States,2011,369000000000.0,338289857.0,9372610.0,0.061,36,100.0,100.0,2788.93,509.74,31.792154,81962.36,6.8973193,1.550835505,49882.55813,37.09024,-95.712891,1.0,1090.78056100275,75.14101637881441,0.1545289465148074
United States,2012,375000000000.0,338289857.0,9372610.0,0.061,36,100.0,100.0,2779.02,492.32,31.223783,79102.34,6.886334,2.249545852,51602.93105,37.09024,-95.712891,1.0,1108.5168302873474,71.35871809857434,0.1504949042288481
United States,2013,380000000000.0,338289857.0,9372610.0,0.061,36,100.0,100.0,2746.21,520.38,32.28614,80556.516,7.1346164,1.842081071,53106.53677,37.09024,-95.712891,1.0,1123.2970546911786,71.7143481001532,0.1593037387612158
United States,2014,386000000000.0,338289857.0,9372610.0,0.061,36,100.0,100.0,2752.01,546.83,32.81242,80725.086,7.262891,2.525973446,55049.98833,37.09024,-95.712891,1.0,1141.0333239757765,70.7473518115355,0.165764329279383
United States,2015,391000000000.0,338289857.0,9372610.0,0.061,36,100.0,100.0,2730.32,556.49,33.14577,79317.37,7.468743,3.07551465,56863.3715,37.09024,-95.712891,1.0,1155.8135483796077,68.62471037062939,0.1693100605146023
United States,2016,396000000000.0,338289857.0,9372610.0,0.061,36,100.0,100.0,2656.96,624.91,34.998875,78613.54,8.285086,1.711426774,58021.4005,37.09024,-95.712891,1.0,1170.593772783439,67.15697779006005,0.1904127829560586
United States,2017,401000000000.0,338289857.0,9372610.0,0.061,36,100.0,100.0,2540.17,707.19,37.315506,78289.01,9.082049,2.332679395,60109.65573,37.09024,-95.712891,1.0,1185.37399718727,66.0458304178842,0.2177738224280646
United States,2018,407000000000.0,338289857.0,9372610.0,0.061,36,100.0,100.0,2661.3,733.17,36.659092,80583.34,8.964939,2.996464352,63064.41841,37.09024,-95.712891,1.0,1203.1102664718676,66.97918074983386,0.2159895359216607
United States,2019,412000000000.0,338289857.0,9372610.0,0.061,36,100.0,100.0,2588.21,760.76,37.75918,79489.016,9.315263,2.161176515,65279.52903,37.09024,-95.712891,1.0,1217.890490875699,65.26778605755027,0.2271623812694649
United States,2020,417000000000.0,338289857.0,9372610.0,0.061,36,100.0,100.0,2431.9,821.4,39.8518,73236.14,10.532232,-3.404591573,63593.44362,37.09024,-95.712891,1.0,1232.6707152795302,59.41257392765463,0.2524820951034334
